,BVP,ACC,EDA,HR,EM1,EM2
0,64.0,32.0,4.0,1.0,0,-1
1,85.71,38.0,0.039712,86.0,0,-1
2,148.81,44.0,0.008967000000000001,97.0,0,-1
3,11.23,23.0,0.008967000000000001,93.0,0,-1
4,47.26,17.0,0.017934000000000002,84.25,0,-1
5,-477.81,8.0,0.032026,79.0,0,-1
6,-8.15,8.0,0.029463999999999997,80.0,0,-1
7,-19.94,7.0,0.029463999999999997,80.71,0,-1
8,8.38,5.0,0.040993,81.12,0,-1
9,2.73,10.0,0.046117,82.11,0,-1
10,-103.8,21.0,0.03715,82.8,0,-1
11,-68.45,-14.0,0.023058000000000002,83.36,0,-1
12,-28.76,-23.0,0.024339,83.67,0,-1
13,-210.73,-18.0,0.024339,83.85,0,-1
14,199.63,7.0,0.026900999999999998,83.86,0,-1
15,-10.42,28.0,0.020496,84.47,0,-1
16,185.03,7.0,0.01281,85.06,0,-1
17,122.77,21.0,0.01281,85.94,0,-1
18,35.58,29.0,0.01281,87.06,0,-1
19,-447.43,-1.0,0.020496,88.0,0,-1
20,294.42,-2.0,0.017934000000000002,88.9,0,-1
21,-7.28,-14.0,0.011529000000000001,89.81,0,-1
22,-314.18,2.0,0.014091,90.59,0,-1
23,210.0,-1.0,0.011529000000000001,91.3,0,-1
24,-38.49,18.0,0.008967000000000001,91.88,0,-1
25,-71.08,47.0,0.010248,92.44,0,-1
26,265.73,6.0,0.01281,92.92,0,-1
27,13.61,-22.0,0.008967000000000001,93.33,0,-1
28,-113.01,-13.0,0.006405,93.68,0,-1
29,80.32,-28.0,0.016653,93.93,0,-1
30,405.81,-27.0,0.02562,94.2,0,-1
31,-29.07,28.0,0.028183,94.52,0,-1
32,81.87,6.0,0.01281,94.31,0,-1
33,267.01,2.0,0.017934000000000002,94.12,0,-1
34,93.46,25.0,0.016653,93.94,0,-1
35,-93.52,37.0,0.019215,93.77,0,-1
36,213.7,15.0,0.014091,93.67,0,-1
37,53.0,5.0,0.016653,93.54,0,-1
38,109.62,8.0,0.024339,93.34,0,-1
39,-33.74,10.0,0.032026,93.21,0,-1
40,-7.3,16.0,0.02562,93.1,0,-1
41,-29.54,19.0,0.026900999999999998,93.05,0,-1
42,4.28,17.0,0.024339,92.98,0,-1
43,537.75,53.0,0.023058000000000002,92.93,0,-1
44,-6.88,49.0,0.02562,92.86,0,-1
45,-79.58,90.0,0.028183,92.8,0,-1
46,117.67,61.0,0.028183,92.78,0,-1
47,-12.35,61.0,0.028183,92.68,0,-1
48,65.48,60.0,0.028183,92.67,0,-1
49,-20.55,60.0,0.029463999999999997,92.61,0,-1
50,16.72,61.0,0.02562,92.54,0,-1
51,-8.49,61.0,0.026900999999999998,92.45,0,-1
52,12.87,60.0,0.026900999999999998,92.37,0,-1
53,-13.18,61.0,0.028183,92.26,0,-1
54,10.03,61.0,0.026900999999999998,92.13,0,-1
55,-4.4,61.0,0.029463999999999997,91.96,0,-1
56,10.53,60.0,0.029463999999999997,91.79,0,-1
57,-13.08,59.0,0.029463999999999997,91.6,0,-1
58,-17.23,31.0,0.030744999999999998,91.41,0,-1
59,273.77,26.0,0.039712,91.25,0,-1
60,8.37,27.0,0.035869,91.15,0,-1
61,-0.75,26.0,0.038431,91.08,0,-1
62,-6.93,27.0,0.039712,90.67,0,-1
63,-15.42,27.0,0.040993,90.63,0,-1
64,1.97,28.0,0.040993,91.07,0,-1
65,-12.57,27.0,0.03715,91.5,0,-1
66,-9.35,29.0,0.042274,91.5,0,-1
67,9.9,27.0,0.042274,91.48,0,-1
68,-30.24,28.0,0.039712,91.48,0,-1
69,15.98,27.0,0.040993,91.38,0,-1
70,-21.2,28.0,0.040993,91.28,0,-1
71,18.64,29.0,0.043555,91.18,0,-1
72,4.13,30.0,0.043555,91.1,0,-1
73,-32.28,26.0,0.043555,91.03,0,-1
74,-0.21,23.0,0.043555,90.9,0,-1
75,-23.26,26.0,0.043555,90.63,0,-1
76,1.45,25.0,0.042274,90.35,0,-1
77,9.57,26.0,0.043555,89.97,0,-1
78,-10.09,27.0,0.042274,89.47,0,-1
79,6.24,26.0,0.042274,88.92,0,-1
80,-2.55,26.0,0.042274,88.35,0,-1
81,-26.8,26.0,0.042274,87.73,0,-1
82,19.45,27.0,0.043555,87.13,0,-1
83,22.66,27.0,0.046117,86.53,0,-1
84,7.94,27.0,0.044836,85.97,0,-1
85,-14.09,27.0,0.046117,85.38,0,-1
86,-39.48,26.0,0.046117,84.85,0,-1
87,-0.56,21.0,0.044836,84.35,0,-1
88,114.45,20.0,0.047398,83.87,0,-1
89,69.89,14.0,0.044836,83.42,0,-1
90,-18.76,17.0,0.044836,82.95,0,-1
91,15.77,19.0,0.044836,82.43,0,-1
92,-13.82,20.0,0.046117,82.15,0,-1
93,28.79,21.0,0.043555,81.78,0,-1
94,6.62,21.0,0.046117,81.42,0,-1
95,-27.8,21.0,0.046117,81.05,0,-1
96,35.74,68.0,0.048679,80.82,0,-1
97,-11.73,31.0,0.048679,80.63,0,-1
98,81.24,32.0,0.046117,80.52,0,-1
99,13.23,13.0,0.047398,80.37,0,-1
100,-76.17,19.0,0.049960000000000004,80.2,0,-1
101,-117.24,34.0,0.049960000000000004,80.03,0,-1
102,-103.55,-2.0,0.049960000000000004,79.92,0,-1
103,-45.4,32.0,0.051240999999999995,79.8,0,-1
104,-7.69,31.0,0.047398,79.7,0,-1
105,-28.44,17.0,0.052522000000000006,79.57,0,-1
106,54.22,56.0,0.053803,79.38,0,-1
107,0.4,23.0,0.053803,79.38,0,-1
108,41.94,56.0,0.051240999999999995,79.28,0,-1
109,1.53,22.0,0.047398,78.88,0,-1
110,18.8,28.0,0.049960000000000004,78.55,0,-1
111,88.35,31.0,0.048679,78.28,0,-1
112,-2.95,30.0,0.049960000000000004,78.05,0,-1
113,-28.46,30.0,0.049960000000000004,77.85,0,-1
114,-30.64,30.0,0.051240999999999995,77.68,0,-1
115,35.28,30.0,0.048679,77.53,0,-1
116,33.56,30.0,0.051240999999999995,77.42,0,-1
117,3.28,30.0,0.052522000000000006,77.32,0,-1
118,-51.99,30.0,0.052522000000000006,77.22,0,-1
119,29.52,30.0,0.052522000000000006,77.12,0,-1
120,32.08,30.0,0.051240999999999995,76.95,0,-1
121,-13.62,30.0,0.052522000000000006,76.83,0,-1
122,-33.09,32.0,0.052522000000000006,76.73,0,-1
123,62.44,23.0,0.053803,76.63,0,-1
124,-20.17,12.0,0.055084,76.52,0,-1
125,-34.86,14.0,0.056365,76.38,0,-1
126,75.04,-17.0,0.056365,76.22,0,-1
127,52.45,-30.0,0.056365,76.07,0,-1
128,-6.0,-10.0,0.057646,75.95,0,-1
129,-47.31,-35.0,0.058927,75.83,0,-1
130,110.8,17.0,0.058927,75.72,0,-1
131,-60.79,30.0,0.052522000000000006,75.6,0,-1
132,25.36,39.0,0.057646,75.52,0,-1
133,9.74,40.0,0.056365,75.48,0,-1
134,33.39,38.0,0.055084,75.52,0,-1
135,6.59,51.0,0.055084,75.57,0,-1
136,-31.54,16.0,0.053803,75.62,0,-1
137,3.09,42.0,0.053803,75.68,0,-1
138,43.06,46.0,0.053803,75.8,0,-1
139,132.3,37.0,0.053803,75.98,0,-1
140,21.92,42.0,0.055084,76.25,0,-1
141,-79.17,45.0,0.055084,76.52,0,-1
142,-10.42,46.0,0.053803,76.78,0,-1
143,27.48,43.0,0.055084,77.05,0,-1
144,27.95,43.0,0.053803,77.32,0,-1
145,-0.33,46.0,0.053803,77.6,0,-1
146,129.47,47.0,0.053803,77.83,0,-1
147,-53.83,46.0,0.053803,78.1,0,-1
148,49.33,54.0,0.049960000000000004,78.38,0,-1
149,-91.42,57.0,0.055084,78.68,0,-1
150,-16.26,53.0,0.055084,78.98,0,-1
151,-9.04,54.0,0.055084,79.23,0,-1
152,-2.37,56.0,0.055084,79.43,0,-1
153,0.02,56.0,0.053803,79.73,0,-1
154,-1.4,57.0,0.056365,79.97,0,-1
155,-1.03,58.0,0.056365,80.22,0,-1
156,0.73,50.0,0.058927,80.22,0,-1
157,5.39,55.0,0.058927,79.78,0,-1
158,-3.41,56.0,0.056365,79.62,0,-1
159,-3.37,56.0,0.057646,79.43,0,-1
160,-0.77,56.0,0.056365,79.3,0,-1
161,3.61,55.0,0.056365,79.17,0,-1
162,4.0,55.0,0.057646,78.97,0,-1
163,0.97,47.0,0.057646,78.77,0,-1
164,-19.36,45.0,0.052522000000000006,78.53,0,-1
165,66.55,56.0,0.057646,78.35,0,-1
166,-6.63,60.0,0.057646,77.8,0,-1
167,-6.51,58.0,0.057646,77.2,0,-1
168,0.13,59.0,0.057646,76.6,0,-1
169,-2.76,59.0,0.057646,76.32,0,-1
170,0.51,58.0,0.057646,76.65,0,-1
171,-1.79,59.0,0.060208000000000005,76.87,0,-1
172,-1.11,60.0,0.060208000000000005,77.0,0,-1
173,0.58,59.0,0.057646,77.08,0,-1
174,-1.2,59.0,0.057646,77.1,0,-1
175,1.54,59.0,0.057646,77.1,0,-1
176,0.38,59.0,0.060208000000000005,77.05,0,-1
177,-0.7,59.0,0.061489,76.98,0,-1
178,1.56,59.0,0.06277,76.9,0,-1
179,0.75,59.0,0.064051,76.75,0,-1
180,-0.38,59.0,0.06277,76.63,0,-1
181,-3.98,59.0,0.064051,76.5,0,-1
182,-1.28,59.0,0.064051,76.37,0,-1
183,0.47,59.0,0.064051,76.25,0,-1
184,1.7,59.0,0.064051,76.12,0,-1
185,1.58,59.0,0.064051,76.02,0,-1
186,-0.42,79.0,0.058927,75.95,0,-1
187,-65.8,48.0,0.064051,75.88,0,-1
188,0.88,55.0,0.064051,75.82,0,-1
189,0.23,59.0,0.060208000000000005,75.73,0,-1
190,-8.81,59.0,0.060208000000000005,75.7,0,-1
191,-11.21,62.0,0.061489,75.65,0,-1
192,4.43,61.0,0.058927,75.38,0,-1
193,2.76,61.0,0.061489,75.1,0,-1
194,1.98,62.0,0.061489,74.93,0,-1
195,2.41,62.0,0.061489,74.73,0,-1
196,-0.41,62.0,0.061489,74.5,0,-1
197,-1.84,63.0,0.058927,74.35,0,-1
198,-54.15,62.0,0.061489,74.2,0,-1
199,61.44,62.0,0.061489,74.07,0,-1
200,44.68,62.0,0.061489,73.87,0,-1
201,-28.19,62.0,0.06277,73.68,0,-1
202,34.61,62.0,0.064051,73.48,0,-1
203,-7.17,62.0,0.065332,73.28,0,-1
204,-70.15,62.0,0.064051,73.08,0,-1
205,45.35,62.0,0.065332,72.87,0,-1
206,58.99,62.0,0.064051,72.68,0,-1
207,29.16,62.0,0.065332,72.45,0,-1
208,-29.72,61.0,0.06277,72.2,0,-1
209,-9.66,61.0,0.064051,71.93,0,-1
210,44.79,61.0,0.065332,71.68,0,-1
211,24.77,61.0,0.066613,71.52,0,-1
212,-46.82,61.0,0.066613,71.43,0,-1
213,25.45,61.0,0.06789400000000001,71.33,0,-1
214,36.14,61.0,0.064051,71.28,0,-1
215,-27.87,61.0,0.064051,71.22,0,-1
216,-87.57,61.0,0.064051,71.23,0,-1
217,47.15,61.0,0.065332,71.65,0,-1
218,33.04,61.0,0.066613,71.78,0,-1
219,-83.08,60.0,0.064051,71.92,0,-1
220,45.78,60.0,0.066613,72.02,0,-1
221,28.24,60.0,0.06789400000000001,72.1,0,-1
222,-15.89,60.0,0.06789400000000001,72.23,0,-1
223,11.55,60.0,0.06789400000000001,72.37,0,-1
224,21.87,61.0,0.065332,72.53,0,-1
225,1.4,59.0,0.06789400000000001,72.67,0,-1
226,-66.16,60.0,0.066613,73.2,0,-1
227,4.81,60.0,0.06789400000000001,73.67,0,-1
228,-2.75,59.0,0.064051,74.13,0,-1
229,-2.51,58.0,0.065332,74.67,0,-1
230,43.17,76.0,0.06277,74.42,0,-1
231,-20.68,15.0,0.065332,74.2,0,-1
232,-133.96,4.0,0.098639,73.98,0,-1
233,19.11,111.0,0.115292,73.78,0,-1
234,-15.82,82.0,0.096077,74.0,0,-1
235,23.33,8.0,0.093515,74.22,0,-1
236,19.1,9.0,0.094796,74.43,0,-1
237,18.29,9.0,0.088391,74.7,0,-1
238,-37.25,31.0,0.084547,74.97,0,-1
239,98.07,65.0,0.08711,75.25,0,-1
240,140.14,14.0,0.093515,75.53,0,-1
241,38.92,31.0,0.08711,75.83,0,-1
242,-19.93,16.0,0.085829,76.1,0,-1
243,13.51,43.0,0.085829,76.4,0,-1
244,-40.44,19.0,0.081985,76.73,0,-1
245,50.78,20.0,0.080704,77.07,0,-1
246,-91.31,20.0,0.081985,77.4,0,-1
247,71.23,24.0,0.080704,77.73,0,-1
248,-21.96,17.0,0.07942300000000001,78.05,0,-1
249,71.4,41.0,0.080704,78.38,0,-1
250,15.97,32.0,0.080704,78.7,0,-1
251,13.42,32.0,0.07942300000000001,79.02,0,-1
252,14.86,32.0,0.07942300000000001,79.53,0,-1
253,-6.8,32.0,0.080704,80.0,0,-1
254,38.92,29.0,0.07942300000000001,80.37,0,-1
255,34.96,17.0,0.081985,80.73,0,-1
256,-15.62,36.0,0.081985,81.2,0,-1
257,9.79,33.0,0.081985,81.63,0,-1
258,35.88,33.0,0.080704,82.0,0,-1
259,-55.11,33.0,0.081985,82.3,0,-1
260,49.74,33.0,0.080704,82.3,0,-1
261,-65.02,33.0,0.08326599999999999,82.3,0,-1
262,59.9,32.0,0.08326599999999999,82.33,0,-1
263,42.51,32.0,0.080704,82.33,0,-1
264,-46.42,32.0,0.081985,82.3,0,-1
265,-82.45,32.0,0.080704,82.22,0,-1
266,50.6,33.0,0.080704,82.12,0,-1
267,35.8,33.0,0.081985,82.02,0,-1
268,-31.14,44.0,0.08326599999999999,81.9,0,-1
269,66.09,44.0,0.084547,81.77,0,-1
270,17.11,41.0,0.081985,81.72,0,-1
271,27.29,47.0,0.08326599999999999,81.63,0,-1
272,1.45,35.0,0.08326599999999999,81.6,0,-1
273,22.16,44.0,0.07942300000000001,81.57,0,-1
274,8.66,33.0,0.07942300000000001,81.55,0,-1
275,52.5,0.0,0.081985,81.52,0,-1
276,-18.99,0.0,0.08326599999999999,81.62,0,-1
277,1.13,0.0,0.080704,81.72,0,-1
278,11.53,1.0,0.080704,81.78,0,-1
279,-49.73,2.0,0.081985,81.87,0,-1
280,21.13,2.0,0.081985,81.93,0,-1
281,-2.2,-7.0,0.08326599999999999,81.97,0,-1
282,2.59,-3.0,0.081985,82.0,0,-1
283,-22.25,-2.0,0.081985,82.02,0,-1
284,10.37,-1.0,0.081985,81.93,0,-1
285,12.2,-16.0,0.080704,81.87,0,-1
286,-30.46,7.0,0.081985,81.82,0,-1
287,-35.8,10.0,0.08326599999999999,81.73,0,-1
288,6.21,10.0,0.08326599999999999,81.65,0,-1
289,84.97,9.0,0.084547,81.48,0,-1
290,57.06,13.0,0.085829,81.72,0,-1
291,4.89,17.0,0.08711,81.97,0,-1
292,80.58,22.0,0.08711,82.27,0,-1
293,44.42,16.0,0.08711,82.55,0,-1
294,4.22,15.0,0.085829,82.52,0,-1
295,-14.84,30.0,0.08711,82.48,0,-1
296,-85.99,35.0,0.081985,82.67,0,-1
297,38.36,25.0,0.08326599999999999,82.83,2,-2
298,-56.57,19.0,0.08711,82.35,2,-2
299,25.37,20.0,0.088391,81.97,2,-2
300,-9.73,20.0,0.09095299999999999,81.67,2,-2
301,-23.93,19.0,0.092234,81.37,2,-2
302,8.08,19.0,0.093515,81.13,2,-2
303,-3.17,19.0,0.088391,80.92,2,-2
304,-10.67,19.0,0.089672,80.78,2,-2
305,0.65,20.0,0.089672,80.58,2,-2
306,-9.3,19.0,0.089672,80.32,2,-2
307,5.7,20.0,0.08711,80.1,2,-2
308,-3.84,20.0,0.09095299999999999,79.7,2,-2
309,6.9,20.0,0.09095299999999999,79.33,2,-2
310,-1.76,20.0,0.089672,78.98,2,-2
311,-1.3,20.0,0.089672,78.65,2,-2
312,0.26,20.0,0.09095299999999999,78.3,2,-2
313,-2.97,22.0,0.092234,77.97,2,-2
314,-188.02,5.0,0.085829,77.65,2,-2
315,88.97,-17.0,0.085829,77.37,2,-2
316,-4.4,-6.0,0.085829,76.97,2,-2
317,140.22,-9.0,0.085829,76.47,2,-2
318,7.5,-7.0,0.08326599999999999,75.97,2,-2
319,-43.04,2.0,0.088391,75.48,2,-2
320,-68.4,-1.0,0.08711,75.3,2,-2
321,-28.28,-13.0,0.088391,75.15,2,-2
322,-0.58,-15.0,0.088391,75.0,2,-2
323,-6.23,-14.0,0.08711,74.82,2,-2
324,-0.47,-14.0,0.088391,74.63,2,-2
325,-2.36,-12.0,0.088391,74.53,2,-2
326,34.92,-14.0,0.08711,74.42,2,-2
327,-11.56,-13.0,0.085829,74.38,2,-2
328,7.31,-13.0,0.088391,74.27,2,-2
329,-4.85,-13.0,0.084547,74.28,2,-2
330,-0.68,-18.0,0.08711,74.27,2,-2
331,-15.19,6.0,0.088391,74.23,2,-2
332,3.03,3.0,0.088391,74.18,2,-2
333,5.0,4.0,0.085829,74.17,2,-2
334,1.47,4.0,0.08711,73.98,2,-2
335,-1.01,3.0,0.085829,73.83,2,-2
336,0.46,5.0,0.08711,73.58,2,-2
337,0.8,4.0,0.08711,73.25,2,-2
338,0.42,5.0,0.08711,72.95,2,-2
339,-1.02,5.0,0.088391,72.65,2,-2
340,3.97,2.0,0.085829,72.35,2,-2
341,0.37,3.0,0.089672,72.05,2,-2
342,0.12,3.0,0.089672,71.72,2,-2
343,-3.32,4.0,0.089672,71.32,2,-2
344,0.05,4.0,0.089672,71.0,2,-2
345,3.36,3.0,0.089672,70.72,2,-2
346,0.82,3.0,0.088391,70.38,2,-2
347,-1.14,3.0,0.09095299999999999,70.07,2,-2
348,-1.15,5.0,0.09095299999999999,69.82,2,-2
349,-0.99,4.0,0.089672,69.62,2,-2
350,-1.57,5.0,0.09095299999999999,69.15,2,-2
351,-8.86,4.0,0.088391,68.72,2,-2
352,-0.34,3.0,0.09095299999999999,68.28,2,-2
353,1.83,2.0,0.092234,67.93,2,-2
354,-1.95,2.0,0.092234,67.57,2,-2
355,2.28,1.0,0.09095299999999999,67.28,2,-2
356,-1.72,3.0,0.09095299999999999,67.0,2,-2
357,-2.43,3.0,0.092234,66.8,2,-2
358,-2.38,4.0,0.088391,67.28,2,-2
359,2.1,3.0,0.088391,67.7,2,-2
360,-0.12,-4.0,0.088391,68.02,2,-2
361,-2.22,-22.0,0.088391,68.32,2,-2
362,-1.32,-19.0,0.085829,68.55,2,-2
363,8.41,-18.0,0.089672,68.7,2,-2
364,-8.41,-18.0,0.089672,68.77,2,-2
365,7.38,-17.0,0.09095299999999999,68.88,2,-2
366,3.74,-17.0,0.089672,69.05,2,-2
367,3.85,-17.0,0.09095299999999999,69.15,2,-2
368,-9.47,-17.0,0.08711,69.42,2,-2
369,38.0,-18.0,0.089672,69.65,2,-2
370,-27.44,-19.0,0.089672,69.83,2,-2
371,51.74,-19.0,0.09095299999999999,70.0,2,-2
372,-3.22,-19.0,0.09095299999999999,70.17,2,-2
373,48.45,-19.0,0.089672,70.32,2,-2
374,59.09,-19.0,0.09095299999999999,70.48,2,-2
375,-52.16,-19.0,0.092234,70.62,2,-2
376,58.82,-19.0,0.092234,70.75,2,-2
377,10.62,-20.0,0.092234,70.92,2,-2
378,-87.43,-20.0,0.092234,71.12,2,-2
379,48.03,-20.0,0.092234,71.35,2,-2
380,33.43,-7.0,0.092234,71.57,2,-2
381,-11.62,56.0,0.092234,71.73,2,-2
382,-12.55,46.0,0.092234,71.88,2,-2
383,86.2,6.0,0.092234,72.13,2,-2
384,-40.55,0.0,0.09095299999999999,72.43,2,-2
385,8.46,-2.0,0.092234,72.72,2,-2
386,81.99,-2.0,0.111449,73.02,2,-2
387,-15.8,13.0,0.093515,73.25,2,-2
388,-110.79,15.0,0.093515,73.58,2,-2
389,66.41,15.0,0.093515,73.82,2,-2
390,4.02,15.0,0.093515,73.98,2,-2
391,-79.68,14.0,0.094796,74.18,2,-2
392,11.08,16.0,0.094796,74.33,2,-2
393,-72.62,15.0,0.094796,74.45,2,-2
394,72.54,16.0,0.094796,74.73,2,-2
395,8.46,16.0,0.09095299999999999,75.02,2,-2
396,-75.84,16.0,0.093515,75.27,2,-2
397,45.96,15.0,0.094796,75.62,2,-2
398,3.06,15.0,0.093515,75.98,2,-2
399,-44.63,16.0,0.094796,76.35,2,-2
400,28.99,15.0,0.094796,76.73,2,-2
401,-49.8,11.0,0.094796,77.13,2,-2
402,53.08,9.0,0.093515,77.55,2,-2
403,13.68,21.0,0.093515,78.05,2,-2
404,44.44,19.0,0.093515,78.55,2,-2
405,11.42,20.0,0.093515,79.03,2,-2
406,-46.36,21.0,0.09095299999999999,79.52,2,-2
407,17.4,20.0,0.094796,80.0,2,-2
408,-54.52,21.0,0.094796,80.43,2,-2
409,21.46,21.0,0.094796,80.83,2,-2
410,-19.36,22.0,0.094796,81.22,2,-2
411,36.39,23.0,0.096077,81.57,2,-2
412,-6.71,23.0,0.096077,81.92,2,-2
413,38.64,23.0,0.094796,82.23,2,-2
414,28.09,23.0,0.094796,82.55,2,-2
415,-76.51,22.0,0.094796,82.83,2,-2
416,51.65,20.0,0.096077,82.95,2,-2
417,21.35,16.0,0.093515,82.98,2,-2
418,-60.77,17.0,0.096077,83.0,2,-2
419,42.66,18.0,0.115292,83.0,2,-2
420,-31.5,19.0,0.094796,83.0,2,-2
421,26.67,17.0,0.096077,83.02,2,-2
422,-28.91,18.0,0.096077,83.03,2,-2
423,22.7,13.0,0.097358,83.08,2,-2
424,62.81,7.0,0.094796,83.17,2,-2
425,-56.02,39.0,0.094796,83.28,2,-2
426,-39.92,7.0,0.094796,83.42,2,-2
427,-20.61,11.0,0.094796,83.72,2,-2
428,-8.88,15.0,0.093515,84.03,2,-2
429,32.01,-5.0,0.093515,84.35,2,-2
430,78.3,25.0,0.093515,84.68,2,-2
431,-53.61,32.0,0.094796,85.03,2,-2
432,-113.88,24.0,0.092234,85.38,2,-2
433,-47.06,88.0,0.093515,85.75,2,-2
434,56.75,60.0,0.093515,86.08,2,-2
435,-36.96,44.0,0.094796,86.42,2,-2
436,12.21,21.0,0.098639,86.77,2,-2
437,91.87,32.0,0.094796,87.08,2,-2
438,-72.41,25.0,0.09992000000000001,87.37,2,-2
439,-66.99,11.0,0.092234,87.62,2,-2
440,90.49,39.0,0.097358,87.87,2,-2
441,-38.94,26.0,0.098639,88.12,2,-2
442,44.77,12.0,0.098639,88.37,2,-2
443,-10.76,31.0,0.098639,88.6,2,-2
444,-38.19,57.0,0.098639,88.85,2,-2
445,-19.24,55.0,0.09992000000000001,89.08,2,-2
446,13.93,56.0,0.098639,89.35,2,-2
447,53.51,59.0,0.09992000000000001,89.62,2,-2
448,-49.64,57.0,0.09992000000000001,89.92,2,-2
449,-0.94,53.0,0.096077,90.2,2,-2
450,12.2,56.0,0.093515,90.5,2,-2
451,-1.79,59.0,0.096077,90.8,2,-2
452,18.54,60.0,0.096077,91.1,2,-2
453,-38.64,60.0,0.097358,91.38,2,-2
454,-17.5,59.0,0.096077,91.6,2,-2
455,12.88,59.0,0.097358,91.8,2,-2
456,11.96,59.0,0.094796,91.98,2,-2
457,-0.2,60.0,0.097358,92.17,2,-2
458,16.09,60.0,0.097358,92.33,2,-2
459,20.81,60.0,0.097358,92.48,2,-2
460,-13.56,55.0,0.097358,92.58,2,-2
461,22.51,51.0,0.097358,92.67,2,-2
462,-43.56,45.0,0.097358,92.72,2,-2
463,-0.58,28.0,0.097358,92.75,2,-2
464,-8.15,44.0,0.09992000000000001,92.82,2,-2
465,-62.3,58.0,0.09992000000000001,92.85,2,-2
466,55.35,36.0,0.09992000000000001,92.9,2,-2
467,75.65,35.0,0.101201,93.07,2,-2
468,-50.47,35.0,0.101201,93.28,2,-2
469,9.96,36.0,0.101201,93.45,2,-2
470,-35.71,9.0,0.09992000000000001,93.62,2,-2
471,-86.39,10.0,0.09992000000000001,93.8,2,-2
472,72.61,10.0,0.096077,93.88,2,-2
473,40.01,11.0,0.098639,93.97,2,-2
474,-38.77,11.0,0.09992000000000001,94.02,2,-2
475,16.14,11.0,0.098639,94.0,2,-2
476,-35.25,10.0,0.098639,93.9,2,-2
477,12.05,11.0,0.09992000000000001,93.77,2,-2
478,6.16,13.0,0.09992000000000001,93.62,2,-2
479,29.53,9.0,0.097358,93.5,2,-2
480,-48.02,9.0,0.09992000000000001,93.4,2,-2
481,13.5,10.0,0.09992000000000001,93.3,2,-2
482,34.5,9.0,0.098639,93.18,2,-2
483,-15.78,9.0,0.096077,93.03,2,-2
484,-33.42,9.0,0.09992000000000001,92.82,2,-2
485,13.53,9.0,0.09992000000000001,92.58,2,-2
486,-5.63,9.0,0.09992000000000001,92.32,2,-2
487,17.28,4.0,0.098639,91.88,2,-2
488,78.09,43.0,0.09992000000000001,91.42,2,-2
489,-76.3,22.0,0.101201,91.02,2,-2
490,-26.45,33.0,0.098639,90.6,2,-2
491,4.96,46.0,0.09992000000000001,90.17,2,-2
492,63.15,53.0,0.09992000000000001,89.78,2,-2
493,-28.15,54.0,0.097358,89.42,2,-2
494,-31.26,54.0,0.094796,89.08,2,-2
495,35.88,51.0,0.098639,88.77,2,-2
496,2.68,54.0,0.09992000000000001,88.48,2,-2
497,8.54,58.0,0.098639,88.23,2,-2
498,12.52,54.0,0.09992000000000001,87.98,2,-2
499,7.75,55.0,0.098639,87.73,2,-2
500,-28.64,55.0,0.09992000000000001,87.53,2,-2
501,13.24,55.0,0.097358,87.4,2,-2
502,-5.58,55.0,0.097358,87.27,2,-2
503,21.78,55.0,0.097358,87.1,2,-2
504,-16.98,55.0,0.098639,86.9,2,-2
505,-16.51,55.0,0.094796,86.7,2,-2
506,16.22,55.0,0.098639,86.43,2,-2
507,1.59,55.0,0.101201,86.15,2,-2
508,-0.79,54.0,0.101201,85.82,2,-2
509,3.05,54.0,0.101201,85.47,2,-2
510,14.35,55.0,0.101201,85.07,2,-2
511,15.42,54.0,0.101201,84.63,2,-2
512,-57.59,54.0,0.10248199999999999,84.2,2,-2
513,23.76,55.0,0.101201,83.78,2,-2
514,30.94,55.0,0.101201,83.42,2,-2
515,10.4,55.0,0.10248199999999999,83.05,2,-2
516,-26.26,55.0,0.096077,82.7,2,-2
517,-6.73,54.0,0.10248199999999999,82.35,2,-2
518,30.5,54.0,0.10248199999999999,82.0,2,-2
519,20.71,55.0,0.10248199999999999,81.65,2,-2
520,-18.48,52.0,0.101201,81.35,2,-2
521,-57.13,51.0,0.10248199999999999,81.08,2,-2
522,12.15,51.0,0.10248199999999999,80.85,2,-2
523,20.49,51.0,0.101201,80.62,2,-2
524,11.47,51.0,0.101201,80.37,2,-2
525,-33.51,51.0,0.10248199999999999,80.13,2,-2
526,-4.78,52.0,0.10248199999999999,79.9,2,-2
527,24.93,52.0,0.09992000000000001,79.57,2,-2
528,-10.58,32.0,0.10376300000000001,79.2,2,-2
529,9.18,33.0,0.10376300000000001,78.95,2,-2
530,10.03,33.0,0.10376300000000001,78.73,2,-2
531,-9.11,34.0,0.10504400000000001,78.57,2,-2
532,18.24,25.0,0.10376300000000001,78.5,2,-2
533,-7.95,26.0,0.10504400000000001,78.43,2,-2
534,-11.97,41.0,0.106325,78.38,2,-2
535,-10.08,40.0,0.10504400000000001,78.38,2,-2
536,-0.22,42.0,0.10504400000000001,78.47,2,-2
537,9.77,44.0,0.10376300000000001,78.57,2,-2
538,71.75,33.0,0.10376300000000001,78.7,2,-2
539,6.37,34.0,0.10504400000000001,78.83,2,-2
540,-14.43,57.0,0.10504400000000001,78.97,2,-2
541,-66.52,33.0,0.10248199999999999,79.1,2,-2
542,55.11,30.0,0.10248199999999999,79.27,2,-2
543,-45.65,29.0,0.10248199999999999,79.4,2,-2
544,9.68,43.0,0.10376300000000001,79.52,2,-2
545,-31.13,23.0,0.10376300000000001,79.6,2,-2
546,-4.15,26.0,0.10376300000000001,79.7,2,-2
547,-6.65,34.0,0.10504400000000001,79.78,2,-2
548,38.67,36.0,0.10504400000000001,79.92,2,-2
549,33.9,-1.0,0.10248199999999999,80.0,2,-2
550,-48.24,20.0,0.106325,80.08,2,-2
551,16.83,20.0,0.107606,80.17,2,-2
552,-14.93,20.0,0.10888699999999998,80.23,2,-2
553,11.75,20.0,0.10888699999999998,80.27,2,-2
554,17.89,20.0,0.110168,80.28,2,-2
555,-12.59,20.0,0.10888699999999998,80.23,2,-2
556,13.39,20.0,0.110168,80.18,2,-2
557,-46.74,21.0,0.10888699999999998,80.12,2,-2
558,32.44,21.0,0.110168,80.08,2,-2
559,22.89,21.0,0.110168,80.08,2,-2
560,-22.27,21.0,0.110168,80.02,2,-2
561,10.59,20.0,0.10888699999999998,79.9,2,-2
562,22.08,20.0,0.110168,79.78,2,-2
563,-21.91,21.0,0.10888699999999998,79.68,2,-2
564,26.61,22.0,0.10888699999999998,79.55,2,-2
565,20.57,24.0,0.110168,79.42,2,-2
566,15.1,21.0,0.10504400000000001,79.32,2,-2
567,-41.14,21.0,0.106325,79.22,2,-2
568,11.02,21.0,0.106325,79.12,2,-2
569,2.34,21.0,0.10504400000000001,79.02,2,-2
570,-28.78,21.0,0.106325,78.93,2,-2
571,5.69,21.0,0.10248199999999999,78.88,2,-2
572,-44.96,4.0,0.10504400000000001,78.87,2,-2
573,35.86,30.0,0.10376300000000001,78.87,2,-2
574,0.12,30.0,0.10376300000000001,78.9,2,-2
575,-45.51,27.0,0.10376300000000001,78.95,2,-2
576,7.45,41.0,0.10376300000000001,79.02,2,-2
577,4.21,31.0,0.10376300000000001,79.08,2,-2
578,31.45,32.0,0.10376300000000001,79.15,2,-2
579,-8.64,32.0,0.10376300000000001,79.23,2,-2
580,-27.6,33.0,0.10376300000000001,79.32,2,-2
581,21.41,33.0,0.10376300000000001,79.38,2,-2
582,-44.02,33.0,0.10248199999999999,79.45,2,-2
583,21.28,33.0,0.10376300000000001,79.48,2,-2
584,28.67,33.0,0.10504400000000001,79.53,2,-2
585,-6.66,33.0,0.10504400000000001,79.6,2,-2
586,-43.42,33.0,0.10504400000000001,79.67,2,-2
587,16.13,34.0,0.10504400000000001,79.73,2,-2
588,20.12,33.0,0.10248199999999999,79.78,2,-2
589,-38.98,33.0,0.10504400000000001,79.78,2,-2
590,24.19,34.0,0.10504400000000001,79.73,2,-2
591,9.57,33.0,0.10504400000000001,79.65,2,-2
592,-43.75,34.0,0.10504400000000001,79.57,2,-2
593,14.2,34.0,0.10376300000000001,79.48,2,-2
594,11.12,34.0,0.10504400000000001,79.42,4,-2
595,-17.75,34.0,0.10504400000000001,79.37,4,-2
596,-5.85,34.0,0.10504400000000001,79.33,4,-2
597,20.47,34.0,0.10888699999999998,79.33,4,-2
598,-9.46,34.0,0.107606,79.32,4,-2
599,-1.78,34.0,0.110168,79.28,4,-2
600,24.48,34.0,0.107606,79.22,4,-2
601,-23.46,34.0,0.107606,79.15,4,-2
602,14.19,34.0,0.107606,79.03,4,-2
603,-16.5,34.0,0.107606,78.93,4,-2
604,14.78,34.0,0.107606,78.87,4,-2
605,-10.26,34.0,0.10888699999999998,78.8,4,-2
606,-5.65,34.0,0.107606,78.75,4,-2
607,24.09,34.0,0.10888699999999998,78.73,4,-2
608,-160.89,33.0,0.10888699999999998,78.7,4,-2
609,-38.81,35.0,0.110168,78.67,4,-2
610,26.2,33.0,0.10888699999999998,78.65,4,-2
611,-10.1,33.0,0.10888699999999998,78.63,4,-2
612,10.37,34.0,0.107606,78.58,4,-2
613,30.63,34.0,0.106325,78.53,4,-2
614,-29.33,33.0,0.106325,78.47,4,-2
615,42.13,34.0,0.10504400000000001,78.43,4,-2
616,4.4,34.0,0.106325,78.42,4,-2
617,-28.61,34.0,0.106325,78.42,4,-2
618,21.23,34.0,0.106325,78.43,4,-2
619,8.18,34.0,0.106325,78.48,4,-2
620,-9.16,38.0,0.106325,78.58,4,-2
621,-35.11,36.0,0.10504400000000001,78.72,4,-2
622,1.52,36.0,0.106325,78.87,4,-2
623,-14.07,36.0,0.107606,79.02,4,-2
624,8.83,36.0,0.106325,79.2,4,-2
625,24.11,36.0,0.106325,79.38,4,-2
626,-36.58,36.0,0.10376300000000001,79.57,4,-2
627,20.02,36.0,0.106325,79.78,4,-2
628,-36.85,35.0,0.107606,80.0,4,-2
629,27.96,36.0,0.110168,80.25,4,-2
630,-9.82,35.0,0.10888699999999998,80.53,4,-2
631,11.96,35.0,0.110168,80.8,4,-2
632,13.99,35.0,0.10888699999999998,81.02,4,-2
633,-25.05,35.0,0.110168,81.22,4,-2
634,7.88,35.0,0.110168,81.4,4,-2
635,0.66,35.0,0.10888699999999998,81.53,4,-2
636,10.22,34.0,0.110168,81.63,4,-2
637,1.19,35.0,0.10888699999999998,81.72,4,-2
638,-21.46,36.0,0.10888699999999998,81.8,4,-2
639,-26.65,36.0,0.10888699999999998,81.88,4,-2
640,3.8,36.0,0.10888699999999998,81.93,4,-2
641,3.66,36.0,0.10888699999999998,82.02,4,-2
642,-24.69,36.0,0.110168,82.12,4,-2
643,24.09,36.0,0.10888699999999998,82.27,4,-2
644,9.42,37.0,0.107606,82.42,4,-2
645,-11.67,36.0,0.107606,82.55,4,-2
646,15.34,36.0,0.107606,82.68,4,-2
647,-20.85,36.0,0.107606,82.8,4,-2
648,39.7,36.0,0.106325,82.95,4,-2
649,-34.64,35.0,0.107606,83.12,4,-2
650,6.64,35.0,0.107606,83.28,4,-2
651,-10.65,35.0,0.107606,83.45,4,-2
652,8.91,35.0,0.107606,83.6,4,-2
653,13.91,38.0,0.107606,83.73,4,-2
654,-47.1,-6.0,0.110168,83.85,4,-2
655,22.48,34.0,0.10888699999999998,83.92,4,-2
656,9.74,-8.0,0.110168,83.95,4,-2
657,10.62,25.0,0.110168,83.95,4,-2
658,-14.9,26.0,0.110168,83.97,4,-2
659,9.55,27.0,0.107606,83.98,4,-2
660,-8.47,27.0,0.110168,84.03,4,-2
661,7.28,27.0,0.110168,84.1,4,-2
662,6.13,26.0,0.110168,84.22,4,-2
663,-29.96,26.0,0.110168,84.37,4,-2
664,7.49,27.0,0.110168,84.5,4,-2
665,-33.05,26.0,0.110168,84.65,4,-2
666,28.62,26.0,0.110168,84.77,4,-2
667,-32.22,26.0,0.111449,84.87,4,-2
668,23.41,26.0,0.110168,84.95,4,-2
669,-16.63,25.0,0.107606,85.0,4,-2
670,20.52,26.0,0.106325,85.05,4,-2
671,-9.28,25.0,0.107606,85.1,4,-2
672,11.2,25.0,0.10888699999999998,85.17,4,-2
673,-0.21,25.0,0.10888699999999998,85.23,4,-2
674,-24.61,25.0,0.10888699999999998,85.28,4,-2
675,19.0,24.0,0.11273,85.33,4,-2
676,-12.45,22.0,0.11273,85.33,4,-2
677,9.55,23.0,0.11273,85.32,4,-2
678,-2.32,23.0,0.11273,85.3,4,-2
679,-0.95,22.0,0.111449,85.23,4,-2
680,29.4,22.0,0.111449,85.1,4,-2
681,1.58,22.0,0.107606,84.98,4,-2
682,-36.54,22.0,0.111449,84.85,4,-2
683,9.66,25.0,0.111449,84.73,4,-2
684,19.9,22.0,0.111449,84.63,4,-2
685,-5.97,26.0,0.111449,84.52,4,-2
686,-8.0,33.0,0.11273,84.4,4,-2
687,9.34,37.0,0.110168,84.27,4,-2
688,80.29,38.0,0.107606,84.13,4,-2
689,9.29,54.0,0.10888699999999998,84.02,4,-2
690,71.42,36.0,0.111449,83.87,4,-2
691,24.29,52.0,0.111449,83.72,4,-2
692,-21.58,39.0,0.110168,83.63,4,-2
693,45.09,48.0,0.111449,83.58,4,-2
694,-36.37,48.0,0.111449,83.53,4,-2
695,-21.55,46.0,0.107606,83.45,4,-2
696,12.54,47.0,0.10888699999999998,83.45,4,-2
697,25.86,47.0,0.110168,83.47,4,-2
698,37.86,59.0,0.111449,83.47,4,-2
699,31.31,57.0,0.11273,83.47,4,-2
700,6.43,57.0,0.11273,83.47,4,-2
701,10.03,58.0,0.11273,83.43,4,-2
702,9.7,58.0,0.11273,83.48,4,-2
703,-22.53,57.0,0.110168,83.5,4,-2
704,5.67,58.0,0.11273,83.5,4,-2
705,-48.17,57.0,0.11273,83.52,4,-2
706,36.08,57.0,0.11273,83.55,4,-2
707,-38.89,57.0,0.11273,83.62,4,-2
708,26.7,56.0,0.11401099999999999,83.68,4,-2
709,11.16,57.0,0.11401099999999999,83.73,4,-2
710,-27.97,57.0,0.11401099999999999,83.78,4,-2
711,18.66,57.0,0.11401099999999999,83.78,4,-2
712,15.59,57.0,0.11401099999999999,83.78,4,-2
713,-6.17,57.0,0.11401099999999999,83.77,4,-2
714,26.48,57.0,0.11273,83.75,4,-2
715,-10.27,55.0,0.11401099999999999,83.77,4,-2
716,-16.58,57.0,0.11273,83.75,4,-2
717,-16.17,57.0,0.11273,83.72,4,-2
718,1.23,48.0,0.11273,83.67,4,-2
719,47.22,63.0,0.11273,83.6,4,-2
720,-20.93,58.0,0.11273,83.62,4,-2
721,23.08,58.0,0.11273,83.6,4,-2
722,-48.27,58.0,0.11273,83.57,4,-2
723,38.89,55.0,0.115292,83.55,4,-2
724,53.6,57.0,0.115292,83.55,4,-2
725,-25.14,59.0,0.11401099999999999,83.58,4,-2
726,-15.93,61.0,0.115292,83.55,4,-2
727,-3.16,59.0,0.116573,83.55,4,-2
728,29.35,59.0,0.115292,83.57,4,-2
729,-63.95,58.0,0.115292,83.63,4,-2
730,-20.17,59.0,0.115292,83.7,4,-2
731,-39.93,60.0,0.116573,83.78,4,-2
732,46.16,61.0,0.116573,83.88,4,-2
733,-43.71,61.0,0.116573,84.0,4,-2
734,42.08,60.0,0.11401099999999999,84.17,4,-2
735,-10.17,60.0,0.11401099999999999,84.37,4,-2
736,21.2,61.0,0.11273,84.62,4,-2
737,-19.05,60.0,0.115292,84.88,4,-2
738,29.24,61.0,0.115292,85.12,4,-2
739,7.72,61.0,0.116573,85.35,4,-2
740,-47.57,59.0,0.121697,85.6,4,-2
741,-16.77,59.0,0.121697,85.77,4,-2
742,1.62,59.0,0.121697,85.9,4,-2
743,29.7,62.0,0.124259,86.03,4,-2
744,-24.53,60.0,0.143475,86.15,4,-2
745,14.23,60.0,0.14091199999999998,86.28,4,-2
746,21.37,60.0,0.139631,86.42,4,-2
747,-32.48,58.0,0.13578800000000002,86.52,4,-2
748,31.45,54.0,0.137069,86.58,4,-2
749,-39.55,61.0,0.131945,86.5,4,-2
750,27.92,59.0,0.134507,86.45,4,-2
751,-54.37,59.0,0.134507,86.45,4,-2
752,37.98,59.0,0.134507,86.42,4,-2
753,-29.18,59.0,0.134507,86.35,4,-2
754,-11.57,59.0,0.133226,86.28,4,-2
755,50.04,59.0,0.134507,86.3,4,-2
756,-0.52,59.0,0.134507,86.27,4,-2
757,-48.63,59.0,0.133226,86.22,4,-2
758,32.22,59.0,0.131945,86.15,4,-2
759,0.85,58.0,0.133226,86.07,4,-2
760,-17.18,58.0,0.133226,86.0,4,-2
761,20.0,58.0,0.133226,85.9,4,-2
762,-45.22,58.0,0.134507,85.68,4,-2
763,-37.65,56.0,0.133226,85.47,4,-2
764,2.61,58.0,0.134507,85.22,4,-2
765,-27.74,58.0,0.134507,84.95,4,-2
766,-65.42,59.0,0.134507,84.67,4,-2
767,41.36,59.0,0.134507,84.4,4,-2
768,28.13,59.0,0.134507,84.12,4,-2
769,-2.99,57.0,0.131945,83.85,4,-2
770,-20.38,58.0,0.134507,83.6,4,-2
771,-69.01,58.0,0.133226,83.38,4,-2
772,10.89,57.0,0.133226,83.18,4,-2
773,52.85,57.0,0.134507,83.0,4,-2
774,-12.5,54.0,0.134507,82.82,4,-2
775,-12.41,55.0,0.13578800000000002,82.63,4,-2
776,31.32,57.0,0.134507,82.48,4,-2
777,48.53,57.0,0.13578800000000002,82.37,4,-2
778,-21.56,56.0,0.13578800000000002,82.27,4,-2
779,-37.72,57.0,0.134507,82.18,4,-2
780,43.05,57.0,0.133226,82.0,4,-2
781,19.0,57.0,0.13578800000000002,81.85,4,-2
782,-28.8,57.0,0.13578800000000002,81.73,4,-2
783,2.82,56.0,0.134507,81.62,4,-2
784,43.64,58.0,0.137069,81.52,4,-2
785,-27.91,52.0,0.137069,81.38,4,-2
786,-1.15,54.0,0.139631,81.33,4,-2
787,-23.31,56.0,0.14219400000000001,81.28,4,-2
788,20.8,55.0,0.137069,81.2,4,-2
789,-68.05,56.0,0.131945,81.22,4,-2
790,9.39,56.0,0.131945,81.22,4,-2
791,-49.6,56.0,0.128102,81.22,4,-2
792,41.19,57.0,0.131945,81.18,4,-2
793,-40.34,55.0,0.130664,81.13,4,-2
794,-5.19,56.0,0.130664,81.12,4,-2
795,-78.46,56.0,0.131945,81.05,4,-2
796,124.72,57.0,0.130664,80.95,4,-2
797,-25.25,57.0,0.12682100000000002,80.83,4,-2
798,23.79,54.0,0.130664,80.72,4,-2
799,-64.1,53.0,0.129383,80.6,4,-2
800,43.82,54.0,0.131945,80.48,4,-2
801,31.99,53.0,0.130664,80.4,4,-2
802,-2.46,54.0,0.129383,80.37,4,-2
803,-62.24,53.0,0.130664,80.33,4,-2
804,9.97,52.0,0.131945,80.38,4,-2
805,73.86,53.0,0.131945,80.18,4,-2
806,-5.54,52.0,0.130664,79.98,4,-2
807,-62.63,52.0,0.130664,79.8,4,-2
808,48.73,53.0,0.131945,79.7,4,-2
809,68.26,53.0,0.131945,79.73,4,-2
810,-40.14,53.0,0.131945,79.77,4,-2
811,-7.11,54.0,0.130664,79.78,4,-2
812,-38.87,60.0,0.131945,79.82,4,-2
813,115.35,55.0,0.129383,79.85,4,-2
814,-9.69,57.0,0.130664,79.9,4,-2
815,7.74,57.0,0.130664,79.92,4,-2
816,-45.59,55.0,0.131945,79.9,4,-2
817,-99.18,56.0,0.131945,79.88,4,-2
818,49.38,56.0,0.131945,79.9,4,-2
819,-2.25,56.0,0.133226,79.92,4,-2
820,-27.51,57.0,0.129383,79.95,4,-2
821,31.18,56.0,0.131945,80.03,4,-2
822,6.18,57.0,0.131945,80.15,4,-2
823,22.8,58.0,0.131945,80.3,4,-2
824,5.54,57.0,0.129383,80.48,4,-2
825,-18.41,57.0,0.131945,80.67,4,-2
826,6.44,57.0,0.131945,80.87,4,-2
827,13.5,56.0,0.131945,81.05,4,-2
828,-8.91,56.0,0.131945,81.25,4,-2
829,11.48,57.0,0.131945,81.47,4,-2
830,1.33,57.0,0.133226,81.68,4,-2
831,20.18,58.0,0.131945,81.93,4,-2
832,51.14,61.0,0.131945,82.18,4,-2
833,-86.46,61.0,0.131945,82.47,4,-2
834,75.06,59.0,0.131945,82.75,4,-2
835,-33.08,57.0,0.131945,83.02,4,-2
836,-22.89,58.0,0.131945,83.27,4,-2
837,-0.81,59.0,0.131945,83.48,4,-2
838,87.73,60.0,0.131945,83.68,4,-2
839,46.74,61.0,0.131945,83.83,4,-2
840,3.87,57.0,0.129383,83.97,4,-2
841,-5.2,57.0,0.129383,84.08,4,-2
842,0.17,57.0,0.129383,84.18,4,-2
843,0.15,57.0,0.129383,84.35,4,-2
844,0.14,55.0,0.130664,84.5,4,-2
845,-1.02,58.0,0.131945,84.63,4,-2
846,-30.75,56.0,0.12682100000000002,84.75,4,-2
847,-37.73,61.0,0.131945,84.83,4,-2
848,-31.95,58.0,0.131945,84.93,4,-2
849,-0.12,58.0,0.131945,84.93,4,-2
850,-33.93,58.0,0.131945,84.93,4,-2
851,-4.42,58.0,0.129383,84.92,4,-2
852,45.75,57.0,0.133226,84.9,4,-2
853,1.15,58.0,0.130664,84.92,4,-2
854,-46.36,57.0,0.130664,84.9,4,-2
855,45.32,58.0,0.131945,84.92,4,-2
856,3.38,57.0,0.131945,84.98,4,-2
857,-37.49,58.0,0.128102,85.07,4,-2
858,-1.86,58.0,0.131945,85.15,4,-2
859,40.95,58.0,0.130664,85.27,4,-2
860,-95.01,57.0,0.131945,85.38,4,-2
861,36.33,57.0,0.130664,85.55,4,-2
862,4.9,64.0,0.131945,85.68,4,-2
863,85.69,54.0,0.130664,85.8,4,-2
864,37.92,25.0,0.130664,85.82,4,-2
865,119.32,17.0,0.131945,86.07,4,-2
866,-25.15,-6.0,0.14987999999999999,86.32,4,-2
867,32.18,50.0,0.152442,86.47,4,-2
868,2.48,33.0,0.14987999999999999,86.58,4,-2
869,-103.65,50.0,0.14987999999999999,86.7,4,-2
870,56.32,54.0,0.14987999999999999,86.8,4,-2
871,11.69,40.0,0.148599,86.87,4,-2
872,-49.83,44.0,0.147318,86.92,4,-2
873,41.33,47.0,0.146037,86.97,4,-2
874,-67.1,11.0,0.146037,86.98,4,-2
875,92.33,54.0,0.147318,87.02,4,-2
876,-97.66,21.0,0.148599,87.1,4,-2
877,17.3,21.0,0.148599,87.22,4,-2
878,9.52,22.0,0.147318,87.32,4,-2
879,-47.92,24.0,0.144756,87.45,4,-2
880,-7.91,2.0,0.146037,87.6,4,-2
881,-31.4,10.0,0.147318,87.73,4,-2
882,5.57,-10.0,0.144756,87.87,4,-2
883,2.27,-78.0,0.143475,87.98,4,-2
884,138.01,46.0,0.144756,88.1,4,-2
885,-3.67,39.0,0.14987999999999999,88.23,4,-2
886,56.71,14.0,0.16269,88.38,4,-2
887,32.84,-6.0,0.157566,88.55,4,-2
888,28.46,37.0,0.151161,88.72,4,-2
889,52.88,15.0,0.152442,88.87,4,-2
890,53.88,16.0,0.14987999999999999,89.05,4,-2
